state,city,address,p1-1,p1-2,p1-3,p1-4,p2-1,p2-2,p2-3,p2-4,p3-1,p3-2,p3-3,p3-4,p3-5,p4-1,p4-2,p4-3,p4-4,p5-1,p5-2,p5-3,p5-4,p6-1,p6-2,p6-3,p6-4,p6-5,p7-1,p7-2,p7-3,p7-4,p8-1,p8-2,p8-3,h1 avg weekly,pop 1 mi,pop 3 mi,pop 5 mi,daytime pop 1 mi,daytime 3 mi,daytime 5 mi,median age 1 mi,med age 3 mi,med age 5 mi,white pop % 1 mi,white pop % 3 mi,white pop % 5 mi,black pop % 1 mi,black pop % 3 mi ,black pop % 5 mi,hispanic pop % 1 mi,hispanic pop % 3 mi,hispanic pop % 5 mi,asian pop % 1 mi,asian pop % 3 mi,asian pop % 5 mi,employee count 1 mi,emp count 3 mi,emp count 5 mi,blue collar % 1 mi,blue collar % 3 mi,blue collar % 5 mi,white collar % 1 mi,white collar % 3 mi,white collar % 5 mi,med hh income 1 mi,med hh income 3 mi,med hh income 5 mi,hh discretionary spend 1 mi,hh discretionary spend 3 mi,hh discretionary spend 5 mi,hh dining spend 1 mi,hh dining spend 3 mi,hh dining spend 5 mi,city renter %,city wfh %,plaza foot traffic,Latitude,Longitude,Geocode_Status,Geocode_Notes,format,visibility
NV,Las Vegas,801 S Main St,"$27,006.06","$38,880.87","$41,325.63","$33,395.57","$37,493.26","$36,877.62","$37,120.34","$34,826.69","$39,914.76","$38,944.98","$40,510.07","$38,185.70","$41,933.45","$34,442.90","$41,936.90","$35,293.94","$49,067.18","$43,509.45","$37,021.30","$41,621.97","$37,529.16","$32,955.05","$35,653.98","$29,049.50","$35,620.91","$38,287.77","$29,707.53","$31,526.29","$31,059.28","$32,256.55","$31,684.82","$33,412.11","$31,789.80",,12243,165452,522618,54775,145738,469624,42.1,38.1,35.8,38.10%,25.90%,27.10%,21.50%,16.40%,15.40%,29.00%,50.30%,53.40%,6.90%,6.30%,5.80%,62245,164282,441613,4.70%,5.30%,5.50%,95.30%,94.70%,94.50%,44150,46055,48643,6213,6406,6664,2654,2720,2807,42.20%,12.20%,7334514,36.1629294,-115.1508422,OK,,end cap,1
NV,Las Vegas,5020 Blue Diamond Rd,"$27,934.71","$29,696.87","$28,155.79","$29,704.77","$30,797.69","$30,897.22","$29,746.04","$30,655.13","$33,031.89","$36,288.55","$33,369.48","$32,160.78","$34,746.48","$32,104.86","$32,416.91","$32,148.27","$32,517.79","$31,344.10","$35,231.67","$34,726.83","$33,943.28","$28,518.89","$32,566.48","$31,902.46","$30,067.49","$35,710.58","$29,363.71","$31,352.82","$30,139.82","$28,997.97","$31,497.52","$32,093.84","$32,396.83",,3529,110573,324367,3390,106922,301070,33.8,38.3,38.4,24.50%,35.20%,41.10%,22.20%,12.50%,10.80%,20.90%,17.70%,20.50%,26.70%,26.90%,22.40%,1154,30420,194137,56.90%,15.70%,18.40%,43.10%,84.30%,81.60%,69448,87641,82871,8619,10197,9793,3446,3941,3816,42.20%,12.20%,12950158,36.0322166,-115.2102214,OK,,in line,1
NV,Las Vegas,7130 W Craig Rd,"$45,399.25","$51,868.09","$51,487.23","$50,254.88","$52,373.54","$52,644.10","$51,578.93","$54,729.81","$57,901.71","$59,890.68","$58,822.89","$53,122.87","$60,243.05","$55,696.00","$52,220.48","$53,351.39","$51,102.90","$52,574.12","$52,215.24","$59,190.23","$56,477.47","$45,633.40","$51,629.33","$48,735.74","$54,799.95","$53,479.43","$46,075.20","$52,263.03","$53,905.94","$52,092.83","$55,101.20","$51,184.39","$53,517.72",,15698,136469,418839,15299,131661,407892,43.3,42.2,40.1,56.20%,50.70%,47.30%,10.10%,12.10%,13.30%,26.80%,29.10%,30.80%,4.30%,5.90%,7.00%,3318,40066,91223,6.20%,5.60%,7.30%,93.80%,94.40%,92.70%,66425,76720,77785,8346,9262,9355,3359,3650,3679,42.20%,12.20%,8100528,36.2410308,-115.2497125,OK,,end cap,1
NV,Las Vegas,365 Hughes Center Drive,,,,,,,,,,,,,,,,,,,"$20,588.43","$20,445.93","$23,036.57","$21,915.34","$25,340.59","$27,384.13","$28,564.43","$23,291.99","$23,348.43","$27,038.33","$28,244.47","$23,427.02","$25,931.25","$27,063.89","$27,164.41",,18162,134395,398811,104431,231997,482218,37.6,38.8,39,38.80%,32.10%,33.30%,16.90%,15.00%,13.30%,29.20%,42.20%,43.00%,10.60%,9.60%,9.00%,118672,263633,547975,0.20%,4.90%,9.00%,99.80%,4.90%,91.00%,38594,47169,51851,5638,6518,6979,2456,2757,2912,42.20%,12.20%,2614109,36.114983,-115.1556649,OK,,end cap,0
NV,Henderson,1275 W Warm Springs Rd,"$36,411.37","$41,428.05","$43,327.46","$44,168.05","$39,257.04","$44,413.68","$42,885.21","$41,755.40","$45,841.52","$44,099.97","$44,925.76","$43,876.44","$43,607.67","$46,163.73","$45,891.53","$45,960.71","$46,594.83","$47,362.58","$43,154.74","$47,957.65","$49,843.64","$41,070.02","$41,304.07","$41,102.67","$43,414.05","$38,773.56","$39,815.47","$42,673.71","$38,494.31","$41,806.08","$40,913.62","$46,093.96","$43,703.37",,14498,138683,309421,12916,131855,295205,38,38.5,40.9,52.00%,51.00%,53.60%,8.40%,11.50%,8.40%,22.10%,26.30%,26.80%,15.30%,9.00%,8.90%,13177,56892,118460,4.70%,21.00%,15.50%,95.30%,79.00%,84.50%,61560,72796,76189,7900,8917,9216,3215,3541,3635,42.20%,12.20%,7623259,36.0554056,-115.041363,OK,,end cap,0
NV,North Las Vegas,6540 Losee Road,"$29,690.52","$31,002.94","$32,060.06","$30,686.89","$30,655.49","$30,984.43","$30,038.06","$31,805.40","$35,909.91","$32,650.69","$34,978.95","$33,970.89","$36,467.29","$34,444.14","$33,210.61","$34,587.28","$38,111.95","$32,408.59","$34,579.55","$39,368.03","$37,943.00","$32,020.05","$36,806.96","$34,261.44","$32,767.32","$32,368.33","$32,498.17","$33,969.40","$36,174.66","$35,045.87","$37,988.29","$35,193.42","$35,821.44",,17142,97850,262261,16980,95666,251170,33.5,33.7,33.9,28.20%,32.10%,31.90%,28.60%,24.10%,23.40%,34.10%,35.40%,38.40%,10.30%,8.90%,7.30%,1343,18196,92425,2.80%,25.30%,15.60%,97.20%,74.70%,84.40%,84390,84121,74380,9922,9899,9057,3856,3849,3585,42.20%,12.20%,3421054,36.2791871,-115.1164638,OK,,end cap,0
NV,Henderson,3552 St Rose Pkwy,"$29,690.52","$44,085.49","$48,717.29","$44,161.46","$45,736.83","$47,805.15","$44,947.77","$44,498.80","$46,290.48","$46,596.57","$45,696.62","$46,183.53","$53,218.38","$48,501.50","$48,646.65","$56,038.01","$49,869.95","$49,607.18","$49,592.48","$52,594.31","$52,644.09","$40,868.22","$46,863.25","$46,957.52","$45,503.44","$48,364.12","$43,886.18","$43,691.40","$46,912.05","$44,192.93","$47,534.13","$44,962.42","$46,283.35",,17362,121472,278707,16924,117348,269406,37.4,40,42.9,43.60%,48.40%,51.80%,10.60%,8.80%,7.40%,23.30%,20.10%,18.40%,19.70%,16.40%,16.70%,3647,34364,77502,4.10%,3.80%,4.90%,95.90%,96.20%,95.10%,72650,83741,91108,8904,9867,10487,3537,3839,4030,42.20%,12.20%,3539128,35.9867983,-115.1432956,OK,,in line,1
NV,Las Vegas,2375 S. Town Center Drive,"$28,033.33","$32,784.19","$32,060.06","$33,582.68","$35,680.37","$35,657.62","$31,942.61","$32,892.52","$38,164.48","$40,221.75","$34,297.45","$33,631.43","$38,931.56","$35,139.93","$35,867.00","$39,635.98","$34,755.21","$38,626.82","$37,235.19","$35,950.60","$37,041.51","$29,269.77","$33,360.60","$33,193.03","$37,786.01","$37,960.95","$31,078.39","$33,226.98","$32,415.69","$32,425.70","$36,034.57","$39,457.75","$37,605.70",,16011,114053,273346,14635,108510,262822,46.7,44,43.6,59.80%,57.80%,52.10%,3.40%,7.90%,8.80%,17.20%,16.60%,19.60%,14.20%,13.80%,15.60%,11466,46188,87693,3.30%,3.40%,4.50%,96.70%,96.60%,95.50%,113078,95136,84546,12258,10820,9936,4564,4132,3860,42.20%,12.20%,1818207,36.145649,-115.3265613,OK,,end cap,0
NV,Las Vegas,8730 West Sunset Road,"$28,668.08","$32,945.72","$48,717.29","$33,208.21","$35,090.21","$36,113.77","$34,521.49","$33,015.95","$35,865.64","$34,810.31","$35,686.60","$33,490.40","$37,744.87","$33,283.72","$39,941.22","$31,306.13","$34,921.98","$35,455.22","$32,958.59","$39,000.43","$36,024.54","$28,803.62","$34,857.62","$32,324.38","$31,971.88","$34,540.87","$29,830.57","$31,649.98","$36,277.23","$36,384.66","$36,538.74","$36,120.05","$36,053.86",,17788,128040,321142,16413,121138,303468,37.1,39.5,39.9,46.10%,39.90%,40.80%,10.20%,12.50%,12.50%,19.70%,16.10%,19.60%,24.90%,26.60%,23.10%,11458,57516,147278,10.70%,9.20%,20.50%,89.30%,90.80%,79.50%,77279,80951,76221,9311,9628,9219,3665,3765,3636,42.20%,12.20%,2311241,36.071357,-115.282305,OK,,in line,1
NV,Las Vegas,2340 S Nellis Blvd,"$25,419.47","$29,109.94","$39,192.40","$30,604.20","$32,124.92","$29,255.68","$28,574.91","$28,145.77","$33,099.71","$30,442.55","$33,233.57","$33,563.04","$32,568.64","$35,567.63","$32,467.43","$30,823.80","$33,249.36","$31,981.08","$31,939.03","$33,255.90","$29,437.06","$26,555.50","$29,288.35","$29,020.78","$29,323.34","$30,206.02","$30,889.31","$27,788.15","$28,849.54","$30,701.94","$29,755.94","$31,939.87","$30,055.29",,30588,202417,457797,30276,198986,441273,34.1,35.9,36.2,26.70%,29.80%,30.20%,12.30%,10.80%,12.00%,61.30%,57.20%,54.00%,3.50%,5.70%,6.30%,2595,28588,137694,9.90%,5.80%,8.10%,90.10%,94.50%,91.90%,49980,54418,53095,6796,7227,7099,2851,2994,2952,42.20%,12.20%,6321621,36.1450893,-115.0648097,OK,,end cap,1
NM,Albuquerque,5600 Coors Blvd,"$35,674.19","$35,389.00","$35,194.02","$35,361.31","$33,741.08","$36,484.50","$34,911.73","$38,420.19","$42,225.39","$41,434.26","$41,566.48","$40,695.50","$39,138.29","$45,856.54","$42,212.20","$40,365.01","$44,335.57","$44,348.00","$38,438.51","$46,889.32","$42,434.98","$37,009.59","$44,011.59","$47,222.49","$43,844.71","$42,260.56","$37,935.73","$46,381.21","$43,419.80","$44,735.76","$54,021.02","$48,544.83","$49,007.54",,2470,34848,91957,2454,34389,90112,32.3,38.3,35.4,24.30%,27.40%,27.60%,0.60%,1.40%,2.00%,87.40%,79.00%,81.40%,0.70%,1.20%,0.90%,128,3823,15372,26.60%,11.70%,28.80%,73.40%,88.30%,71.20%,63471,65536,60458,7563,7740,7301,3064,3121,2979,35.50%,14.90%,11268585,35.1469849,-106.6877155,OK,,end cap,0
MI,Allen Park,3129 Fairline Dr,"$25,943.60","$28,847.28","$29,132.03","$29,066.38","$26,572.26","$30,209.85","$31,707.83","$27,810.24","$30,383.39","$32,703.35","$32,926.89","$31,368.37","$35,991.69","$29,288.46","$27,366.41","$32,227.20","$31,591.72","$32,079.04","$27,535.28","$31,337.28","$30,188.01","$28,865.40","$34,677.93","$31,139.51","$31,917.23","$34,100.93","$30,387.09","$31,598.52","$27,026.21","$31,583.91","$29,744.14","$30,518.31","$27,429.94",,7783,106768,350011,8500,97087,333641,36.3,38,35.3,78.40%,70.80%,66.10%,9.60%,12.50%,15.20%,8.50%,13.40%,15.20%,1.00%,1.50%,1.20%,9660,80670,136414,8.10%,17.80%,15.90%,91.90%,82.20%,84.10%,56806,58738,54935,7025,7197,6857,2893,2949,2837,35.20%,14.10%,4269242,42.2828611,-83.2038937,OK,partial match - verify address,end cap,1
MI,Ann Arbor,2101 Bonisteel Blvd,--,"$13,024.83","$21,092.67","$18,276.74","$20,733.82","$21,326.68","$19,878.48","$20,183.33","$18,796.14","$4,953.82","$16,268.97","$18,135.29","$19,607.88","$19,685.77","$21,739.70","$19,243.36","$20,348.75","$43,882.51","$9,554.40","$9,383.18","$9,465.08","$6,148.53","$8,726.13","$8,315.34","$9,163.70","$8,736.83","$6,903.58","$8,303.60","$9,040.22","$8,040.88","$6,902.25","$7,301.95","$9,869.49",,13690,99804,159898,58918,94906,142933,24.3,32.8,35,56.50%,68.00%,65.60%,2.80%,4.80%,8.30%,6.50%,5.40%,5.70%,30.10%,17.80%,15.90%,66953,107848,141372,0.00%,0.90%,2.00%,100.00%,99.10%,98.00%,50823,91465,89780,6482,9911,9779,2713,3806,3766,38.40%,22.60%,1212854,42.2911258,-83.7174637,OK,,mall,0
MI,Ann Arbor,3268 Ann Arbor-Saline Rd,"$30,781.89","$33,042.34","$30,074.01","$26,899.99","$30,673.21","$35,973.58","$34,242.43","$35,346.36","$37,759.55","$38,352.66","$38,590.40","$42,896.54","$38,974.51","$34,073.90","$38,759.53","$41,302.82","$42,114.76","$15,872.14","$36,622.58","$38,809.45","$40,010.87","$37,826.32","$43,103.49","$44,329.42","$33,091.57","$36,959.37","$34,454.36","$31,573.27","$33,201.90","$33,091.58","$30,168.64","$33,753.68","$30,472.97",,5747,61716,136702,5244,58022,123649,40,38.1,36.3,56.70%,70.60%,70.70%,5.80%,6.30%,6.20%,2.10%,5.90%,6.10%,27.90%,12.90%,12.70%,4190,30783,140511,7.80%,5.10%,5.40%,92.20%,94.90%,94.60%,120997,98418,95356,12131,10450,10214,4473,3971,3899,38.40%,22.60%,4690900,42.239636,-83.7712495,OK,,end cap,1
CO,Aurora,13650 E Colfax Ave,"$12,248.44","$12,839.55","$14,334.02","$12,643.45","$12,572.94","$13,517.56","$16,779.76","$19,236.75","$19,799.02","$17,337.30","$17,388.54","$17,717.70","$17,463.23","$16,880.88","$19,393.39","$19,458.11","$20,241.23","$18,166.34","$15,831.01","$18,724.83","$19,139.22","$18,980.84","$21,124.03","$21,545.59","$20,806.78","$21,784.87","$17,445.44","$20,192.36","$22,619.95","$23,050.00","$24,312.27","$21,789.86","$17,965.52",,20555,147014,383238,28472,135177,361748,30.7,32.8,35.1,27.90%,30.30%,38.90%,15.50%,17.90%,18.30%,53.80%,47.90%,37.80%,5.80%,4.50%,4.90%,32355,98636,179077,99.80%,89.00%,88.90%,0.20%,11.00%,11.10%,55724,72319,83016,7577,9148,10106,3129,3636,3937,35.30%,21.00%,401159,39.7396373,-104.8295222,OK,,in line,0
OR,Bend,61583 SE 27th St,"$21,961.93","$21,857.17","$22,183.07","$20,629.84","$22,052.63","$20,734.83","$19,603.42","$20,512.72","$23,347.35","$19,901.70","$23,999.27","$23,251.63","$24,088.11","$21,838.78","$20,344.31","$23,969.21","$22,646.70","$23,655.51","$21,113.48","$27,985.45","$24,857.92","$21,981.29","$25,449.00","$23,590.73","$26,703.61","$23,325.29","$19,755.28","$26,007.80","$22,137.00","$26,656.64","$23,752.65","$25,592.10","$23,010.76",,6926,51803,100861,6863,48180,94493,42.8,39.9,41.3,87.60%,85.10%,86.80%,0.00%,1.10%,0.40%,12.20%,12.60%,9.10%,1.40%,1.10%,1.10%,524,30188,53061,31.50%,13.90%,16.50%,68.50%,86.10%,83.50%,96255,74261,86401,11209,9294,10368,4273,3680,4015,30.00%,22.60%,310145,44.036052,-121.2641768,OK,,end cap,0
FL,Boca Raton,9961 Glades Rd,"$30,889.39","$28,010.06","$28,143.55","$26,855.92","$32,684.12","$27,916.32","$25,725.08","$23,360.45","$25,561.74","$22,987.13","$23,182.89","$21,951.10","$22,327.96","$20,452.72","$23,455.50","$20,617.10","$21,728.82","$25,654.73","$20,939.80","$23,917.69","$24,746.16","$24,762.75","$23,286.13","$22,858.55","$26,386.33","$22,247.35","$19,972.88","$23,212.91","$24,678.94","$23,248.44","$21,170.45","$23,682.40","$21,075.50",,10695,105556,230872,9892,102834,223033,43.3,44.9,45.2,64.80%,62.70%,64.00%,4.50%,6.10%,7.40%,17.90%,18.90%,18.70%,3.20%,4.60%,3.90%,6691,22683,65317,1.00%,4.20%,5.40%,99.00%,95.80%,94.60%,105295,91051,103212,11772,10599,11603,4429,4073,4378,29.90%,15.40%,19703499,26.3684906,-80.2024349,OK,,in line,1
IL,Bolingbrook,1246 W Boughton Rd,,,,,,,,,,,,,,,,,,,,"$21,656.86","$24,106.68","$13,870.15","$16,460.40","$16,649.65","$19,022.74","$17,706.30","$15,129.47","$8,436.30","$9,451.09","$13,821.94","$15,283.31","$14,693.69","$14,320.02",,8549,88507,214913,8107,84002,203565,37.7,3.9,40,45.40%,54.20%,54.90%,16.60%,10.40%,9.70%,19.80%,17.60%,18.80%,14.10%,16.40%,15.20%,3682,37538,94560,6.70%,10.70%,15.20%,93.30%,89.30%,84.80%,108969,132047,127348,11935,13712,13357,4468,4991,4888,17.20%,14.70%,12946388,41.7033649,-88.1237811,OK,,end cap,1
MI,Byron Center,8233 Byron Center Ave SW,"$23,173.44","$30,301.35","$26,192.70","$21,563.37","$24,125.64","$22,929.18","$28,227.52","$27,338.57","$26,348.39","$28,452.93","$26,621.74","$27,467.53","$30,899.74","$27,087.60","$26,273.32","$30,331.78","$30,476.09","$32,097.73","$28,388.53","$30,126.23","$26,068.41","$25,315.77","$31,945.70","$25,464.32","$26,463.67","$28,163.22","$23,516.08","$25,517.75","$27,448.19","$25,885.63","$25,488.26","$24,946.81","$27,215.45",,3427,22390,77537,3304,21132,72319,45.6,43.1,38.7,91.40%,92.10%,75.20%,0.60%,0.30%,6.90%,0.40%,3.10%,9.60%,3.30%,3.00%,4.20%,1022,10481,43481,1.60%,28.50%,15.80%,98.40%,71.50%,84.20%,105791,95791,82146,11010,10247,9170,4139,3909,3578,29.70%,14.30%,8440092,42.8150877,-85.7236732,OK,,end cap,1
IN,Carmel,1352 S Rangeline Rd,"$17,828.19","$23,102.01","$20,753.78","$17,461.92","$13,596.48","$22,338.79","$21,768.67","$21,362.30","$23,527.70","$24,063.94","$21,778.95","$20,862.41","$22,632.39","$20,628.64","$20,723.11","$23,181.17","$25,797.40","$23,382.87","$25,809.17","$26,385.20","$23,546.05","$22,385.91","$22,259.09","$23,203.33","$22,810.63","$22,993.40","$20,232.27","$23,764.48","$27,606.85","$22,676.13","$26,138.16","$28,858.25","$26,319.20",,5943,66943,167676,10331,60343,150173,40.3,41.2,40.7,75.90%,80.20%,76.00%,2.70%,3.50%,7.90%,11.00%,5.90%,6.00%,5.50%,7.00%,6.90%,11740,68572,145858,9.20%,6%,4.80%,90.80%,94.00%,95.20%,81417,108417,111679,8919,10970,11207,3484,4110,4180,23.90%,23.30%,9675350,39.9591315,-86.127132,OK,,end cap,1
UT,Cedar City,565 S Main St,,,,"$7,609.11","$38,977.78","$33,497.66","$28,947.20","$29,497.19","$28,210.91","$21,858.45","$21,396.32","$22,106.16","$20,994.50","$20,550.75","$19,356.44","$18,612.63","$19,403.14","$17,880.72","$17,159.30","$15,629.17","$16,447.45","$15,191.96","$15,232.00","$13,290.89","$14,014.11","$16,739.52","$13,559.21","$16,432.60","$16,394.68","$14,077.17","$15,673.15","$16,611.36","$13,828.52",,8876,25952,35128,8170,24391,33091,24.8,28.6,30.1,80.10%,82.70%,82.30%,1.80%,1.30%,1.20%,12.20%,13.20%,12.20%,3.60%,1.80%,2.00%,5877,13004,16974,6.10%,10.80%,18.80%,93.90%,89.20%,81.20%,53366,60732,59764,7089,7783,7693,2946,3174,3144,31.70%,11.40%,2255421,37.6674669,-113.062117,OK,,end cap,0
TX,Cedar Park,3101 E Whitestone Blvd,"$24,754.10","$29,069.85","$27,277.54","$21,701.24","$22,509.82","$29,316.79","$27,700.59","$31,573.83","$28,930.42","$30,443.90","$29,462.91","$27,172.37","$26,961.23","$26,100.69","$27,638.88","$27,885.98","$28,415.97","$28,651.89","$27,093.81","$30,749.66","$26,429.87","$29,848.58","$27,905.00","$29,404.11","$27,743.97","$29,032.22","$24,094.54","$29,067.80","$25,905.68","$31,007.68","$29,494.96","$32,402.40","$31,379.40",,1362,70917,198881,1255,68343,191996,40.5,37.8,37.5,39.90%,52.40%,57.00%,13.50%,3.40%,4.90%,6.50%,17.10%,19.00%,41.20%,25.40%,19.10%,891,21446,57371,15.60%,11.60%,9.40%,84.40%,88.40%,90.60%,106382,142569,124086,11448,14145,12795,4301,5091,4700,33.60%,25.40%,13487456,30.5361596,-97.7825353,OK,,end cap,1
FL,Kissimmee,1575 Future Way,"$20,707.94","$18,097.71","$20,233.08","$22,051.93","$22,445.44","$18,586.35","$23,671.59","$24,717.03","$22,968.77","$21,563.06","$20,574.62","$22,830.07","$18,671.19","$21,862.93","$17,952.14","$18,653.74","$18,197.38","$19,405.98","$21,273.85","$17,251.81","$17,974.34","$17,738.22","$14,662.13","$16,186.37","$18,331.27","$17,082.59","$17,391.97","$18,784.97","$17,276.26","$17,480.67","$20,624.29","$17,546.36","$18,271.42",,2657,22809,54040,2636,20080,49996,41,39,36.7,80.70%,67.00%,57.70%,4.60%,3.20%,8.40%,11.40%,25.30%,33.30%,0.60%,2.90%,2.70%,171,22736,33696,11.10%,6.00%,4.70%,88.90%,94.00%,95.30%,93697,78907,72301,10820,9557,8972,4141,3751,3566,34.70%,13.30%,11302058,28.3027162,-81.5679962,OK,,end cap,0
PA,Center Valley,2880 Center Valley Pkwy,"$12,009.88","$13,410.81","$12,551.12","$11,415.74","$8,673.39","$14,560.99","$14,275.22","$14,643.69","$13,721.06","$13,265.62","$15,417.77","$15,068.64","$18,412.74","$18,815.29","$17,492.33","$18,913.56","$17,884.23","$18,609.89","$22,278.94","$19,651.00","$18,456.92","$19,801.92","$21,591.19","$18,313.39","$20,992.38","$18,965.36","$14,293.72","$17,942.35","$16,591.10","$17,850.42","$20,003.11","$21,812.69","$22,544.75",,1467,29860,170230,4741,28576,161633,54.9,41.7,37,90.80%,74.60%,51.50%,1.80%,3.50%,8.70%,4.90%,16.70%,38.10%,0.00%,3.70%,2.40%,5388,10698,71634,0.30%,4.50%,8.90%,99.70%,95.50%,91.10%,99496,104683,68144,10917,11326,8305,4142,4265,3330,34.40%,14.00%,6023061,40.559793,-75.4098213,OK,,in line,0
OH,Centerville,5409 Cornerstone North Blvd,"$19,835.31","$21,841.89","$22,472.63","$19,673.23","$13,441.98","$18,111.38","$19,775.74","$20,005.42","$21,926.41","$23,049.04","$23,329.14","$19,645.60","$22,879.72","$23,397.34","$22,720.55","$22,482.38","$23,013.35","$21,962.64","$22,963.84","$20,439.93","$20,463.26","$19,179.79","$21,049.63","$19,859.50","$23,174.16","$21,531.33","$21,360.56","$22,090.80","$22,575.79","$20,340.34","$22,162.72","$20,277.98","$19,903.98",,7321,59382,138282,6997,56759,131744,39,42.3,42.7,82.30%,85.00%,84.70%,5.20%,4.50%,5.00%,4.90%,4.60%,3.80%,3.00%,2.00%,2.30%,2700,21858,54480,0.70%,5.80%,7.80%,99.30%,94.20%,92.20%,93120,85938,85781,9782,9231,9218,3747,3578,3574,32.00%,12.90%,12038006,39.6607978,-84.1046779,OK,,in line,1
AZ,Chandler,2925 S Alma School Rd,,,,,,,,,,,"$13,705.31","$17,463.88","$15,036.82","$14,231.27","$13,091.46","$16,358.93","$15,503.22","$14,046.77","$16,608.01","$20,662.01","$16,192.01","$14,754.46","$13,861.41","$13,980.01","$14,755.88","$16,379.04","$12,799.09","$15,201.52","$12,742.30","$15,226.93","$14,737.51","$14,590.60","$17,179.38",,21338,135554,407471,20872,126198,379635,40.3,38.5,36.8,61.90%,61.90%,58.80%,6.20%,5.30%,5.60%,24.00%,24.80%,28.70%,6.60%,7.00%,6.80%,3880,77963,231966,7.30%,18.40%,14.20%,92.70%,81.60%,85.80%,92166,86670,85807,10809,10340,10265,4147,4002,3979,34.80%,20.80%,5107132,33.2635543,-111.8574641,OK,,end cap,0
SC,Charleston,1417 Folly Rd,"$21,139.82","$25,687.39","$24,726.85","$22,189.27","$20,367.89","$22,337.58","$27,978.32","$27,830.01","$27,249.76","$28,879.22","$25,985.03","$29,134.16","$29,562.27","$28,532.35","$28,185.20","$25,248.90","$28,913.65","$27,966.49","$27,486.27","$30,911.49","$29,552.76","$27,220.95","$26,958.83","$27,142.65","$27,328.71","$27,284.57","$24,749.18","$28,160.02","$26,561.84","$27,773.51","$25,555.65","$27,083.18","$28,338.32",,6078,28850,60537,5913,27993,55873,41.4,40.3,41.8,68.50%,77.90%,82.20%,27.50%,14.90%,10.10%,1.90%,3.30%,4.60%,1.20%,2.00%,1.30%,1368,7140,38864,12.30%,6.10%,3.50%,87.70%,93.90%,96.50%,87921,90459,97752,9835,10039,10617,3799,3862,4038,36.10%,17.70%,1470765,32.7141715,-79.9653881,OK,,end cap,1
GA,Atlanta,3155 Cobb Pkwy,"$20,710.39","$26,398.15","$27,887.23","$22,878.03","$23,684.10","$29,601.80","$28,092.38","$29,459.40","$29,807.37","$27,605.22","$30,260.30","$26,022.06","$29,592.65","$28,515.92","$23,900.09","$28,561.41","$33,827.46","$31,769.75","$29,368.41","$34,743.83","$30,555.97","$27,470.96","$38,301.58","$36,858.51","$33,800.68","$30,271.13","$26,728.93","$28,551.16","$28,115.20","$32,104.56","$42,684.08","$32,665.27","$41,197.54",,7564,83433,219626,26404,136577,207615,31.4,36.3,37.3,45.70%,43.60%,52.20%,28.90%,30.90%,25.00%,7.30%,10.60%,11.20%,8.60%,9.40%,6.60%,30005,155202,235927,5.40%,5.40%,7.50%,94.60%,94.60%,92.50%,96098,98382,109600,10534,10714,11584,4017,4071,4333,33.00%,23.60%,275638,33.8764827,-84.4551695,OK,,end cap,1
IN,Crown Point,146 W 109th Ave,"$23,180.59","$26,796.32","$23,511.22","$28,217.84","$23,665.00","$25,467.77","$25,725.23","$31,283.32","$25,728.01","$25,970.99","$28,408.05","$27,368.43","$31,747.71","$30,764.04","$30,902.80","$31,404.36","$27,071.11","$33,291.67","$29,234.66","$30,161.79","$26,712.78","$24,706.09","$26,425.26","$30,733.01","$28,220.76","$29,440.21","$32,182.57","$34,675.94","$36,541.78","$30,025.18","$29,726.78","$29,204.03","$8,500.03",,7686,34038,77304,7005,30981,71561,41.7,42.8,41.5,80.90%,75.70%,66.90%,5.90%,10.10%,17.40%,11.60%,9.60%,13.00%,2.10%,2.60%,2.20%,5667,25472,47854,13.10%,6.20%,9.10%,86.90%,93.80%,90.90%,82645,86778,83365,9016,9340,9073,3514,3615,3532,28.30%,8.20%,2573297,41.4174508,-87.3658178,OK,,end cap,1
CA,Danville,405 Railroad Ave,"$9,552.37","$11,598.55","$13,022.55","$12,063.95","$12,552.58","$11,055.90","$10,698.22","$13,522.61","$12,646.69","$11,827.70","$13,276.38","$12,436.29","$10,390.29","$9,844.19","$10,255.22","$11,367.49","$12,839.43","$11,802.87","$12,537.91","$12,983.00","$12,517.77","$9,343.41","$13,577.61","$9,110.49","$8,815.29","$10,169.87","$10,315.02","$12,126.36","$11,720.37","$11,921.34","$11,512.33","$13,606.39","$13,747.61",,8670,41943,101700,7864,40044,95321,43.3,45.5,46.3,69.30%,68.40%,61.90%,0.60%,0.80%,1.30%,10.40%,8.00%,8.80%,17.30%,16.20%,23.60%,6711,15818,53152,7.90%,13.40%,9.10%,92.10%,86.60%,90.90%,163949,192072,181283,17825,19985,19167,6286,6887,6661,32.00%,21.30%,6434766,37.8191833,-121.9978495,OK,,end cap,1
UT,Draper,487 E 12300 S,"$29,603.24","$27,545.12","$29,565.22","$30,256.53","$28,411.18","$34,253.62","$28,323.32","$30,096.46","$28,714.47","$29,523.46","$31,136.10","$31,814.91","$36,785.65","$30,839.49","$26,160.49","$30,864.10","$35,557.56","$33,572.92","$30,099.59","$31,678.76","$33,691.93","$32,435.13","$30,798.82","$34,439.40","$31,882.83","$36,062.13","$32,848.17","$33,327.92","$31,886.76","$32,247.70","$38,133.02","$35,094.55","$34,151.24",,9690,81294,206006,8918,73201,189987,35.2,37.5,37.1,82.40%,81.50%,80.40%,0.20%,1.30%,0.90%,7.70%,8.20%,10.30%,8.70%,5.10%,4.20%,10135,67437,133490,8.40%,12.70%,15.90%,91.60%,87.30%,84.10%,99297,109868,113860,11102,11944,12256,4213,4466,4559,33.90%,19.70%,1082190,40.5269819,-111.8775954,OK,,end cap,1
GA,Duluth,1950 Satellite Blvd,"$10,342.78","$11,791.59","$11,809.16","$8,867.95","$7,205.98","$12,713.53","$14,386.06","$14,276.69","$14,969.66","$14,547.16","$16,961.35","$14,874.44","$18,283.89","$14,455.35","$18,767.61","$16,737.85","$16,798.41","$17,308.04","$14,453.71","$20,161.45","$18,557.82","$18,229.25","$17,996.03","$15,164.17","$18,263.38","$18,521.67","$16,985.00","$18,391.02","$16,666.26","$20,214.75","$19,177.46","$20,245.70","$20,836.93",,11237,74401,226666,18107,66757,210811,35.8,37.4,36.5,21.80%,29.90%,29.20%,26.80%,21.50%,23.80%,9.40%,21.80%,26.40%,37.00%,24.90%,20.40%,20577,63694,132118,5.50%,13.70%,12.20%,94.50%,86.30%,87.80%,78927,87628,81356,9138,9855,9340,3586,3809,3649,33.70%,18.40%,484547,33.991111,-84.0859185,OK,,end cap,1
VA,Falls Church,6410 Arlington Blvd,"$26,224.14","$28,958.22","$25,938.73","$28,134.23","$22,003.92","$31,810.81","$25,750.54","$29,176.07","$31,809.81","$31,606.84","$29,537.40","$30,405.83","$35,122.76","$29,010.31","$34,709.59","$34,295.59","$32,432.83","$34,323.85","$31,909.95","$36,475.14","$32,259.69","$31,387.75","$33,868.95","$38,673.30","$32,483.59","$32,659.93","$30,711.26","$34,683.04","$37,569.06","$36,576.19","$37,437.09","$38,093.62","$39,836.79",,20617,199473,543196,19608,189314,509512,37,39.8,38.8,56.70%,54.30%,51.20%,5.70%,6.70%,11.30%,23.90%,22.50%,19.60%,14.90%,12.90%,14.30%,8401,84656,280698,3.40%,4.00%,4.00%,96.40%,96.00%,96.00%,124533,135879,128622,13323,14189,13638,4891,5143,4983,31.40%,28.70%,389796,38.8726061,-77.1612783,OK,,in line,1
NJ,Florham Park,182 Ridgedale Ave,"$21,738.58","$27,636.99","$35,653.16","$26,245.14","$23,445.96","$29,132.28","$26,206.91","$33,964.09","$23,851.58","$34,634.11","$30,688.17","$30,662.43","$33,403.85","$27,810.48","$31,224.24","$33,631.91","$37,314.01","$32,115.83","$32,760.85","$36,812.90","$36,101.41","$28,375.00","$38,708.60","$40,008.91","$37,534.01","$34,622.47","$29,051.17","$30,818.05","$31,451.12","$32,909.65","$34,445.17","$36,371.29","$35,310.30",,6284,47849,151487,10941,58621,151903,46.8,41.8,42.4,70.30%,70.60%,65.70%,2.20%,3.80%,4.00%,8.20%,9.90%,10.00%,10.80%,11.70%,17.80%,12433,66615,172618,9.40%,6.20%,6.10%,90.60%,93.80%,93.90%,153079,149016,158180,16488,16170,16883,5873,5783,5985,25.70%,21.80%,18322956,40.7865405,-74.3913089,OK,,in line,1
TX,Fort Worth,9654 Red Dirt Rd,"$18,453.27","$16,399.33","$16,969.64","$13,367.39","$13,272.60","$18,634.67","$15,089.25","$15,312.99","$19,524.52","$18,842.48","$18,850.87","$18,964.06","$18,941.23","$18,520.82","$18,283.51","$16,938.28","$17,662.59","$20,365.48","$14,433.55","$14,494.58","$16,035.44","$16,468.10","$16,746.25","$20,626.23","$16,356.52","$21,904.36","$13,923.42","$17,852.83","$17,951.65","$16,685.24","$19,533.08","$18,685.84","$19,541.37",,8158,67949,176078,8086,68901,172943,32.9,36.5,36,34.50%,37.80%,40.70%,38.00%,32.40%,28.30%,18.50%,25.70%,28.20%,5.90%,6.80%,5.50%,596,7.44,26118,5.70%,5.70%,9.10%,94.30%,94.30%,90.90%,119353,92371,81507,12440,10338,9444,4596,3965,3689,40.70%,14.80%,4398995,32.6050491,-97.4088826,OK,,end cap,0
TX,Friendswood,700 Baybrook Mall,"$10,325.81","$9,624.29","$9,585.42","$7,131.79","$8,309.15","$9,252.69","$10,020.93","$9,798.26","$12,172.13","$11,512.50","$9,911.25","$11,291.17","$12,045.41","$13,230.90","$11,017.07","$11,521.83","$11,848.72","$12,071.75","$10,446.38","$13,070.09","$9,304.11","$10,750.64","$9,809.38","$10,984.71","$9,911.46","$10,897.12","$10,355.81","$11,983.35","$10,546.53","$10,473.87","$12,485.81","$13,820.08","$13,298.40",,9119,80633,200271,8825,75411,188704,40,38.4,40.8,56.80%,57.00%,57.40%,12.90%,10.80%,8.10%,30.80%,25.70%,25.80%,6.90%,9.10%,10.50%,2445,43511,96389,3.80%,5.50%,7.50%,96.20%,94.50%,92.50%,56019,78096,94300,7203,9157,10493,2972,3599,4012,45.30%,12.90%,10262713,29.5416101,-95.1486867,OK,,end cap,0
AZ,Gilbert,4972 South Power Rd,"$48,857.01","$47,770.69","$53,845.30","$47,587.10","$49,821.94","$48,658.15","$44,946.80","$54,392.61","$53,301.13","$51,667.12","$49,127.10","$50,921.84","$57,169.57","$53,365.39","$55,358.91","$53,094.37","$47,258.30","$48,583.77","$49,589.55","$59,054.23","$46,740.59","$39,826.37","$44,138.80","$42,261.89","$40,796.37","$42,286.03","$36,526.30","$41,592.23","$43,003.41","$45,806.45","$47,153.56","$48,551.41","$46,869.61",,8980,81097,244885,8342,79355,237152,24.5,32.5,36.1,74.50%,71.50%,71.70%,4.50%,3.80%,3.50%,28.10%,17.90%,17.80%,2.80%,5.60%,4.90%,5312,14513,64434,6.20%,10.10%,9.10%,93.80%,89.90%,90.90%,96339,115599,107700,11161,12732,12097,4254,4725,4536,34.80%,20.80%,8278548,33.3257217,-111.687429,OK,"city mismatch: typed 'Gilbert', Google matched 'Mesa'",end cap,1
SC,Goose Creek,100 Gosling Way,"$27,361.93","$33,539.21","$31,126.96","$28,746.36","$23,052.88","$27,880.33","$31,855.85","$31,907.76","$33,474.72","$32,168.32","$31,071.77","$29,687.89","$33,262.46","$31,159.34","$30,396.36","$32,751.56","$34,338.82","$35,811.07","$35,063.43","$36,763.08","$34,846.10","$32,124.90","$33,640.58","$33,596.67","$33,322.70","$30,996.04","$26,003.33","$32,572.57","$32,429.50","$32,955.17","$33,519.25","$30,486.66","$34,267.94",,6805,49090,96723,6699,48062,93504,31.1,36.9,38,49.60%,54.20%,61.50%,32.70%,19.80%,21.40%,12.20%,10.90%,10.80%,2.70%,2.80%,2.40%,879,8561,26819,3.40%,11.10%,16.90%,96.60%,88.90%,83.10%,63004,74992,77491,7730,8767,8977,3135,3466,3532,25.50%,12.40%,1896754,33.055567,-80.098868,OK,"city mismatch: typed 'Goose Creek', Google matched 'Summerville'",in line,0
CO,Grand Junction,2566 Patterson Rd,"$18,683.61","$22,097.26","$22,712.79","$21,028.31","$22,282.22","$21,559.87","$24,088.59","$24,390.13","$24,920.68","$26,911.47","$24,706.70","$26,400.57","$28,068.15","$26,071.37","$24,143.19","$28,427.64","$27,313.18","$28,735.33","$26,839.22","$27,315.29","$26,993.83","$27,506.91","$27,228.24","$25,484.18","$26,800.67","$27,381.95","$20,182.03","$25,495.22","$24,562.26","$22,076.46","$24,556.52","$23,886.50","$26,767.59",,8488,45582,80114,7604,40912,74290,38.6,40.8,40.2,78.50%,82.00%,81.40%,1.10%,1.00%,0.90%,24.80%,15.30%,16.70%,0.00%,1.00%,1.20%,7366,38912,48530,14.10%,10.50%,14.40%,85.90%,10.50%,14.40%,58694,65825,67020,7867,8546,8658,3224,3444,3480,27.50%,13.70%,192624,39.0921349,-108.5776473,OK,,end cap,1
UT,Hurricane,68 South 1400 West Suite 1,,,,,,,,,,,,,,,,,,,,,,,"$29,283.65","$25,165.29","$19,448.18","$18,182.70","$16,754.72","$16,124.81","$15,359.58","$14,776.54","$16,431.85","$18,048.98","$17,103.14",,991,12453,17269,911,11982,16456,28.2,46.7,42.7,98.10%,93.30%,86.60%,0.00%,0.00%,0.00%,0.00%,6.20%,10.20%,1.90%,1.90%,1.40%,659,3922,6775,33.20%,23.70%,26.10%,66.80%,76.30%,73.90%,85021,69400,63918,9925,8571,8076,3853,3427,3268,28.40%,14.00%,794654,37.175633,-113.3146976,OK,,in line,0
CA,Irvine,3965 Alton Parkway,"$19,974.14","$19,936.17","$25,867.35","$18,786.71","$23,354.46","$20,956.88","$22,336.88","$23,141.67","$26,960.49","$25,521.08","$23,005.93","$24,728.80","$24,760.14","$26,265.63","$27,480.06","$25,420.71","$29,780.91","$25,827.55","$23,754.54","$25,797.72","$22,787.47","$25,043.57","$27,053.85","$25,540.45","$23,337.79","$23,670.50","$23,655.13","$27,598.65","$27,438.75","$31,495.41","$29,260.71","$32,081.54","$26,421.00",,32408,168670,480449,31675,203758,424347,39.4,36.9,36.6,39.20%,40.90%,34.80%,0.90%,2.30%,1.90%,11.60%,12.90%,28.70%,40.40%,38.30%,32.90%,6101,231544,467509,2.00%,20.60%,15.60%,98.00%,79.40%,84.40%,132013,120359,122042,15242,14257,14401,5548,5261,5303,43.60%,18.50%,12899077,33.6823731,-117.8134434,OK,,end cap,0
CA,Ladera Ranch,27522 Antonio Pkwy,"$26,728.14","$23,489.60","$27,061.03","$26,290.71","$26,415.14","$25,492.73","$26,743.32","$25,460.46","$26,598.57","$25,659.05","$27,006.35","$26,007.06","$27,077.87","$25,964.08","$24,932.79","$23,185.29","$27,284.39","$26,723.26","$25,807.42","$28,067.89","$25,428.00","$22,380.44","$24,832.63","$23,621.53","$24,808.02","$26,175.57","$21,644.06","$26,459.42","$24,387.76","$26,718.93","$26,067.68","$27,613.22","$25,042.41",,10574,77573,218730,10408,74521,209812,35.5,40.4,43.4,62.60%,65.60%,63.40%,1.10%,1.10%,0.90%,10.90%,15.80%,18.90%,12.80%,13.60%,13.20%,1378,25427,74316,5.00%,4.30%,15.00%,95.00%,95.70%,85.00%,163325,162584,144609,17776,17717,16279,6273,6256,5848,43.60%,18.50%,10862659,33.5633637,-117.6289044,OK,"city mismatch: typed 'Ladera Ranch', Google matched 'Mission Viejo'",in line,1
FL,Orlando,14152 Narcoossee Road,"$18,000.98","$23,049.57","$20,910.21","$21,789.56","$21,084.38","$20,961.56","$19,744.89","$20,579.61","$17,061.77","$19,889.98","$22,023.61","$19,201.34","$5,191.22","$9,551.35","$19,738.38","$21,435.36","$21,984.56","$22,008.73","$18,604.83","$22,301.06","$20,224.96","$18,811.04","$19,915.32","$22,098.42","$20,292.99","$23,088.62","$18,848.91","$20,459.14","$19,747.70","$22,145.18","$21,905.95","$21,712.39","$20,317.44",,7456,35131,77873,8426,34398,76499,36.7,37.1,38.2,44.10%,42.70%,43.70%,4.90%,5.30%,6.80%,50.10%,49.50%,48.40%,2.50%,8.80%,6.80%,1024,6102,11450,95.70%,94.90%,90.40%,4.30%,5.10%,9.60%,115640,112099,105420,12457,12317,11782,4645,4592,4432,43.20%,17.70%,2743912,28.3618752,-81.2446307,OK,,end cap,1
UT,Layton,515 Ring Rd,--,,,,,,,,,,"$14,420.71","$17,082.62","$16,783.43","$19,087.15","$20,480.69","$20,071.00","$23,033.33","$22,159.21","$21,028.82","$25,162.43","$20,877.65","$21,617.36","$20,345.51","$20,468.37","$24,581.77","$21,051.67","$18,266.55","$19,193.21","$23,451.29","$19,997.28","$19,246.32","$20,689.93","$20,909.90",,12481,97861,182053,11191,92527,174374,30.5,31.8,31.8,72.40%,79.70%,82.00%,2.50%,1.60%,1.70%,24.00%,16.70%,13.20%,2.90%,2.40%,2.10%,10750,44446,63988,7.10%,23.80%,22.20%,92.90%,76.20%,77.80%,69066,88885,98709,9529,10248,11055,3418,3953,4199,22.70%,18.10%,5071659,41.0761055,-111.9754105,OK,,end cap,0
TX,Lewisville,1079 W Round Grove Rd,"$15,094.16","$20,449.45","$15,799.26","$10,411.35","$9,621.70","$15,363.47","$12,711.98","$13,688.01","$12,736.38","$14,423.13","$14,541.23","$12,853.73","$15,357.35","$10,609.60","$11,349.01","$13,208.11","$12,830.90","$12,337.28","$11,885.67","$12,554.49","$17,362.47","$10,199.18","$13,136.50","$14,177.41","$12,505.98","$11,343.20","$12,382.14","$11,261.25","$6,555.00","$10,438.08","$12,980.04","$11,302.79","$10,918.59",,10595,104817,219473,9924,98731,202385,37.3,37.5,38.8,50.70%,46.00%,51.70%,15.40%,13.00%,10.20%,25.40%,27.00%,22.00%,10.00%,15.50%,16.40%,5585,50715,142394,14.30%,9.20%,12.30%,85.70%,90.80%,87.70%,94226,95823,105951,10487,10615,11414,4010,4049,4291,34.50%,23.50%,847665,33.0063824,-97.0171051,OK,,in line,1
FL,Maitland,701 Trelago Way,"$11,536.89","$15,103.28","$15,257.39","$14,306.54","$15,335.66","$17,228.62","$15,984.94","$14,999.35","$16,799.28","$15,194.00","$15,346.60","$12,359.28","$15,170.01","$14,653.04","$14,502.98","$16,057.69","$16,129.51","$12,873.65","$12,201.95","$13,775.15","$12,426.70","$13,509.52","$11,948.23","$12,808.99","$12,356.22","$12,622.84","$11,592.19","$12,120.75","$12,711.40","$12,198.16","$13,158.89","$11,503.43","$10,550.68",,6398,98003,271161,5675,97188,246400,39.9,38.6,39.8,66.20%,55.70%,56.30%,8.50%,15.30%,15.80%,18.60%,24.60%,24.50%,3.00%,3.60%,3.90%,6020,110442,206336,5.90%,5.60%,10.00%,94.10%,94.40%,90.00%,86446,73800,77326,10208,9106,9418,3953,3609,3707,43.20%,17.70%,472670,28.6345819,-81.374162,OK,,end cap,0
NH,Manchester,946 S Willow Street,"$31,238.07","$29,408.89","$25,089.80","$30,100.06","$25,311.62","$29,801.16","$29,392.85","$28,659.46","$27,108.65","$32,737.49","$35,840.76","$32,878.51","$34,667.57","$33,974.17","$29,466.39","$37,057.03","$35,819.50","$34,879.30","$33,173.10","$33,805.15","$30,310.59","$30,020.58","$32,416.70","$35,896.96","$35,228.65","$34,657.31","$29,859.27","$31,207.55","$34,529.86","$35,752.61","$36,562.01","$38,390.25","$38,379.26",,10569,83635,144897,9930,73956,132187,44,39.5,39.6,78.00%,72.20%,77.50%,2.80%,4.80%,3.90%,16.60%,15.70%,11.90%,4.80%,4.80%,3.90%,5323,80653,105915,5.60%,10.70%,13.20%,94.40%,89.30%,86.80%,90500,76520,86184,10987,9644,10606,4226,3809,4109,32.60%,18.10%,5924610,42.9631557,-71.4414159,OK,,in line,1
MN,Maple Grove,7860 Main St,"$19,223.58","$21,525.14","$20,280.44","$21,655.64","$21,513.74","$22,112.88","$25,097.10","$23,211.86","$23,040.88","$25,368.37","$22,518.89","$25,492.70","$26,506.51","$22,158.40","$22,357.77","$24,744.16","$28,983.14","$26,927.94","$24,743.48","$33,800.98","$26,132.46","$25,498.59","$30,978.09","$26,457.35","$29,944.88","$30,708.80","$25,845.40","$28,654.49","$27,974.08","$27,398.28","$26,815.18","$28,716.80","$26,562.49",,5287,53524,176677,5396,48452,166629,40.2,42.4,39.2,80.40%,74.90%,61.00%,6.70%,8.60%,16.80%,2.30%,2.80%,4.90%,9.10%,9.10%,11.80%,6132,42262,83733,0.60%,28.20%,24.90%,99.40%,71.80%,75.10%,94997,114276,112638,10558,12066,11941,4033,4486,4449,37.30%,25.20%,6105635,45.0969018,-93.4414556,OK,,in line,1
TX,McKinney,5701 S Custer Rd,"$19,316.02","$19,033.27","$19,802.77","$15,106.98","$13,223.93","$20,298.84","$19,292.11","$21,139.86","$23,341.43","$19,301.58","$19,457.39","$20,864.63","$20,209.29","$21,892.36","$21,056.53","$23,614.03","$21,467.15","$21,866.38","$20,948.68","$22,054.19","$22,478.37","$21,484.23","$20,055.90","$20,873.41","$23,078.45","$23,269.18","$21,313.41","$21,117.47","$19,272.50","$19,781.01","$20,602.57","$23,989.47","$22,668.52",,6542,31440,137371,6428,30920,134853,43.7,38.5,37.5,81.60%,68.20%,61.00%,3.50%,8.00%,8.40%,6.00%,9.90%,12.90%,4.90%,12.50%,15.60%,949,4328,20797,9.10%,8.40%,8.20%,90.90%,91.60%,91.80%,190077,167109,151155,17412,15865,14755,6009,5580,5266,35.50%,27.50%,1068461,33.1434622,-96.7325411,OK,,end cap,1
SC,Mt. Pleasant,3500 Park Avenue Blvd,"$38,317.49","$48,620.48","$46,290.53","$43,862.44","$34,906.36","$47,438.87","$51,750.66","$51,116.77","$51,260.24","$5,235.06","$51,659.92","$49,154.26","$53,972.19","$54,640.56","$39,855.82","$50,132.59","$46,143.05","$45,388.99","$47,508.62","$51,339.54","$52,830.52","$44,505.20","$45,449.00","$47,094.27","$46,070.01","$43,781.60","$42,225.76","$45,819.40","$41,390.77","$47,275.76","$41,080.33","$45,317.21","$50,318.50",,5695,30800,52063,5290,29936,50816,43.8,45.6,43.7,88.10%,85.40%,84.80%,5.40%,6.80%,6.90%,2.30%,2.20%,3.30%,2.00%,3.20%,2.50%,3375,7196,10388,6.00%,6.10%,6.80%,94.00%,93.90%,93.20%,91528,107063,120522,10125,11339,12352,3888,4256,4556,36.10%,17.70%,7995834,32.8828304,-79.7710247,OK,"city mismatch: typed 'Mt. Pleasant', Google matched 'Mount Pleasant'",end cap,1
IN,Munster,9611 Calumet Ave,"$15,622.19","$17,202.86","$18,101.18","$15,448.16","$16,199.17","$17,684.91","$18,019.77","$23,956.16","$19,818.55","$19,849.76","$16,137.95","$15,109.38","$18,409.29","$18,231.83","$16,905.56","$20,014.24","$23,252.76","$20,570.34","$21,269.14","$20,600.37","$19,190.46","$16,617.81","$18,668.27","$20,729.22","$17,739.10","$18,255.18","$20,949.71","$18,236.42","$22,493.57","$20,189.39","$18,748.26","$13,858.34","$5,440.56",,7101,69585,192333,6535,65570,183778,42.8,45.9,41.9,76.00%,62.30%,52.60%,3.10%,19.00%,25.60%,7.20%,14.10%,18.60%,12.60%,3.30%,2.30%,4712,33456,71291,13.70%,6.30%,12.50%,86.30%,93.70%,87.50%,112660,91769,79721,11278,9725,8784,4202,3733,3442,28.30%,8.20%,370379,41.5387972,-87.5087459,OK,,in line,1
MI,Novi,26425 Novi Rd,,,,,,,,,,,,,,,,,,,,,,,,,"$5,001.19","$4,686.03","$5,315.19","$7,432.12","$7,488.45","$9,458.52","$11,059.13","$14,621.68","$11,969.43",,3161,55702,165920,9064,61761,150018,36.7,42.7,43,28.40%,56.10%,61.80%,4.10%,8.10%,9.90%,12.50%,4.00%,3.80%,40.80%,27.60%,20.40%,10300,70184,132514,3.80%,20.70%,15.70%,96.20%,79.30%,84.30%,107761,106693,102340,11157,11077,10749,4184,4160,4061,27.30%,20.20%,25791145,42.4845087,-83.4762743,OK,,end cap,1
FL,Oakland Park,753 E Commercial Blvd,"$25,041.89","$26,224.85","$28,530.58","$32,019.57","$29,743.44","$28,535.02","$27,517.33","$33,019.89","$30,550.83","$30,319.81","$30,435.01","$30,071.66","$29,630.34","$30,180.04","$28,832.65","$25,729.90","$26,940.00","$28,191.04","$25,937.97","$24,646.10","$27,480.53","$23,562.59","$22,466.62","$20,677.93","$22,333.09","$24,805.15","$24,985.27","$25,378.03","$23,487.22","$22,044.82","$24,914.26","$22,921.61","$23,634.56",,17855,130435,350216,16529,116962,323470,38.8,44.9,42.5,49.70%,54.10%,39.30%,10.60%,15.70%,36.80%,38.30%,26.00%,20.40%,0.80%,260.00%,2.10%,11046,112271,222876,18.90%,15.10%,12.30%,81.10%,84.90%,87.70%,69018,76508,70594,8676,9346,8819,3472,3684,3518,36.40%,14.70%,10966880,26.1893423,-80.1373355,OK,,in line,1
FL,Ocala,4414 SW College Rd,"$32,975.22","$32,082.19","$31,626.39","$35,337.40","$37,809.16","$35,762.02","$40,213.48","$42,123.88","$40,995.34","$41,020.77","$46,416.42","$41,706.66","$46,802.03","$44,049.86","$39,217.39","$40,468.69","$43,297.92","$42,548.46","$46,646.38","$46,227.68","$44,814.31","$41,856.72","$41,661.16","$44,155.45","$45,098.14","$44,106.96","$42,049.58","$45,527.37","$40,978.47","$44,662.19","$50,114.99","$44,339.47","$49,155.39",,3216,23355,67301,3104,20780,60384,38.7,42.2,45,60.00%,55.30%,56.90%,23.40%,13.50%,16.40%,15.40%,30.10%,23.00%,1.60%,8.60%,4.70%,926,21454,57641,2.50%,11.60%,14.80%,97.50%,88.40%,85.20%,92644,60603,58050,10732,7898,7656,4114,3221,3142,22.50%,12.00%,4296463,29.1383776,-82.1938834,OK,,in line,0
CA,Oceanside,1830 Rancho Del Oro Rd,"$21,007.17","$25,456.59","$24,238.08","$28,249.88","$26,162.52","$26,050.21","$27,599.44","$27,276.61","$34,581.15","$32,399.90","$30,767.48","$38,518.33","$33,835.31","$31,198.91","$28,480.82","$30,488.11","$28,057.72","$31,326.04","$27,024.14","$30,241.09","$31,688.12","$32,152.60","$28,725.78","$27,741.31","$30,927.33","$30,893.98","$28,166.26","$32,193.68","$32,477.05","$37,059.22","$39,126.60","$36,775.22","$36,114.77",,6904,139972,294589,6151,134962,285643,39.3,39.6,39.3,52.00%,49.30%,48.50%,2.10%,3.90%,3.40%,26.40%,36.50%,38.70%,10.20%,8.50%,7.60%,6990,41749,74550,42.60%,19.20%,15.20%,57.40%,80.80%,84.80%,113845,89886,93445,13696,11546,11875,5094,4446,4546,45.40%,18.70%,1955229,33.2044667,-117.3105439,OK,,end cap,0
NJ,Old Bridge,2040 Hwy 9,"$36,766.26","$35,894.18","$35,074.84","$31,047.73","$25,395.54","$33,552.63","$33,040.62","$37,291.57","$32,879.43","$42,061.55","$40,991.85","$40,837.31","$40,101.32","$38,728.58","$39,236.14","$40,567.15","$37,123.57","$42,157.95","$40,584.85","$42,026.00","$39,922.77","$37,350.83","$39,624.84","$41,206.25","$42,434.78","$40,247.72","$37,174.19","$38,586.34","$36,719.17","$36,451.94","$41,012.59","$36,829.04","$38,209.24",,4271,68092,186625,4204,66266,180826,42.6,41,40.9,66.40%,56.00%,57.80%,4.10%,13.00%,10.60%,22.80%,17.10%,18.10%,11.50%,16.40%,13.30%,551,15211,48324,14.50%,13.10%,12.10%,85.50%,86.90%,87.90%,93027,99381,103953,11505,12067,12466,4408,4579,4699,36.40%,18.10%,5610179,40.4183094,-74.3062468,OK,,end cap,0
OR,Oregon City,19713 HWY 213,"$16,670.92","$18,262.06","$16,880.58","$14,201.05","$16,136.00","$16,643.18","$17,509.77","$16,710.85","$19,022.48","$19,081.05","$17,687.69","$18,238.47","$17,578.37","$20,158.48","$20,900.90","$18,354.83","$17,796.49","$17,461.92","$20,342.30","$21,408.05","$19,508.76","$22,251.41","$20,463.39","$18,657.77","$18,692.60","$23,047.87","$17,189.66","$19,463.88","$21,239.59","$22,630.98","$21,067.77","$22,578.51","$20,383.82",,8549,38881,83733,8123,37136,80664,36,39.2,42,86.50%,86.00%,83.60%,3.50%,1.00%,1.20%,8.50%,7.50%,8.00%,1.30%,1.90%,2.80%,3549,14536,25573,14.80%,14.10%,15.70%,85.20%,85.90%,84.30%,103016,82479,102166,11773,10890,11703,4444,4176,4423,29.30%,20.90%,754281,45.3209602,-122.5784684,OK,,in line,0
FL,Orlando,335 N Magnolia Ave,"$12,319.05","$18,946.43","$20,208.99","$17,247.02","$19,570.37","$17,453.58","$19,929.32","$19,789.74","$19,911.72","$17,716.60","$20,782.42","$15,737.28","$22,407.25","$16,262.31","$17,860.55","$17,139.45","$22,767.78","$18,489.31","$23,831.14","$16,990.63","$19,439.48","$14,527.79","$16,578.83","$15,973.79","$17,734.65","$18,113.39","$17,245.43","$21,633.28","$20,383.31","$16,299.45","$20,521.37","$18,897.51","$17,387.57",,19357,95475,289130,83427,168488,262259,41.3,40.4,38.8,55.50%,61.00%,45.70%,14.20%,16.20%,25.90%,25.00%,19.60%,25.90%,5.90%,3.40%,3.40%,94804,191464,298022,2.20%,4.60%,7.30%,97.80%,95.40%,92.70%,66885,88267,74822,8481,10363,9197,3410,4001,3637,43.20%,17.70%,1200611,28.5470097,-81.3770581,OK,,end cap,0
FL,Palm Beach Gardens,11300 Legacy Avenue,"$22,942.74","$22,404.07","$24,063.44","$20,516.56","$21,833.05","$21,483.91","$25,501.62","$25,300.36","$25,641.83","$24,914.37","$22,591.80","$24,109.41","$20,870.98","$21,286.01","$22,790.76","$21,156.70","$21,991.57","$22,151.57","$18,887.35","$23,005.24","$23,857.33","$20,935.59","$20,105.89","$21,195.30","$21,667.54","$22,500.69","$22,118.13","$24,484.23","$25,433.65","$22,244.97","$26,048.08","$24,728.02","$25,270.44",,10277,74771,157992,11425,68678,147559,54.4,49.6,47.3,77.60%,75.20%,64.00%,3.30%,6.80%,18.40%,13.90%,12.90%,13.50%,7.30%,3.60%,2.80%,12984,50769,86937,8.00%,10.40%,12.00%,92.00%,89.60%,88.00%,73739,96446,97573,9101,11049,11142,3607,4211,4239,29.90%,15.40%,7179770,26.8427236,-80.0897735,OK,,in line,0
UT,Pleasant Grove,758 South North County Blvd,"$25,419.72","$31,498.84","$35,032.31","$31,659.77","$36,605.77","$35,704.44","$32,264.23","$33,499.45","$32,537.26","$38,282.78","$37,750.58","$37,146.90","$40,689.55","$35,716.05","$37,904.57","$41,307.20","$41,184.22","$40,581.42","$36,919.80","$47,792.30","$39,718.77","$36,608.68","$39,446.02","$40,948.84","$40,017.03","$41,595.78","$28,267.44","$38,370.80","$46,588.02","$41,019.00","$41,281.67","$40,366.69","$39,065.93",,12013,63280,163554,10907,57145,152989,25.9,29.7,29.2,80.30%,81.20%,80.80%,1.10%,0.50%,0.70%,13.10%,13.30%,14.30%,2.70%,2.20%,1.70%,9216,51123,88035,11.00%,23.20%,21.30%,89.00%,76.80%,78.70%,75015,91533,97276,9066,10468,10939,3584,4020,4164,31.70%,19.00%,308484,40.3546889,-111.7659027,OK,,in line,1
FL,Port St. Lucie,10513 SW Meeting St,"$15,629.99","$16,386.81","$16,787.58","$15,059.43","$16,195.96","$16,748.09","$18,310.46","$17,175.68","$17,729.04","$16,878.17","$18,299.98","$16,451.83","$17,534.34","$15,836.63","$14,960.08","$22,031.42","$16,961.63","$13,877.99","$14,528.86","$12,199.74","$12,025.20","$12,228.85","$12,613.34","$11,407.12","$11,074.44","$10,839.06","$12,373.32","$12,492.85","$15,352.42","$12,698.07","$11,769.61","$13,945.32","$9,054.32",,3929,47639,109063,3735,46913,106780,39.5,49.7,46.6,51.40%,61.00%,58.90%,28.00%,15.20%,18.30%,23.70%,24.50%,26.20%,1.50%,2.40%,2.40%,1609,6047,19019,3.40%,9.10%,11.70%,96.60%,90.90%,88.30%,90602,82131,74937,10561,9838,9207,4062,3838,3641,21.40%,12.20%,2620047,27.2662429,-80.4326883,OK,,end cap,1
NV,Reno,1171 Steamboat Pkwy,"$23,500.81","$22,773.83","$25,633.60","$28,325.33","$25,439.71","$23,404.77","$24,905.97","$19,492.20","$28,538.92","$29,130.15","$31,516.30","$29,883.08","$28,303.75","$26,734.37","$30,991.59","$31,441.43","$27,196.08","$28,763.98","$30,592.41","$28,969.28","$29,236.68","$25,755.95","$31,559.61","$26,533.49","$32,010.11","$33,782.03","$27,805.44","$28,128.49","$27,986.81","$28,568.65","$30,120.26","$31,782.29","$27,757.85",,12986,51350,83925,12806,48831,78080,44.2,41.8,42.9,73.00%,69.00%,68.30%,2.30%,2.30%,2.00%,13.50%,14.30%,17.00%,5.60%,9.60%,7.90%,1494,20989,48702,2.60%,16.80%,14.00%,97.40%,83.20%,86.00%,113555,111937,105039,12296,12169,11622,4575,4538,4374,40.10%,12.60%,9548756,39.423591,-119.73667,OK,,end cap,0
CA,Rocklin,5198 Commons Dr,"$26,895.37","$24,100.50","$24,152.71","$24,094.82","$25,276.17","$24,314.77","$21,714.13","$23,297.19","$25,105.05","$24,597.98","$26,438.54","$27,369.64","$28,431.82","$26,095.17","$26,810.49","$27,950.58","$27,727.38","$28,362.43","$26,267.29","$29,910.21","$26,983.89","$30,536.39","$28,691.71","$29,137.37","$30,964.16","$28,657.95","$25,681.40","$28,836.74","$27,865.99","$29,380.71","$31,624.36","$29,537.60","$30,797.20",,2369,43111,134924,3786,40798,124774,33.8,44.4,41.9,57.00%,70.50%,67.60%,0.80%,0.40%,1.50%,26.30%,14.30%,14.20%,12.80%,7.50%,10.50%,4303,19271,84577,14.90%,28.50%,11.20%,85.10%,71.50%,88.80%,94377,110177,119402,11960,13375,14175,4572,4999,5236,25.20%,22.70%,7627061,38.8048222,-121.2068038,OK,,end cap,0
CA,Roseville,2010 Blue Oaks Blvd,"$26,548.69","$28,054.70","$28,984.33","$26,950.40","$27,742.89","$27,930.78","$24,683.96","$27,621.93","$28,301.00","$27,927.36","$33,024.61","$30,772.51","$30,756.43","$30,965.03","$27,686.56","$29,329.26","$29,982.29","$30,256.72","$30,569.48","$32,360.89","$28,561.62","$31,727.56","$29,836.59","$30,280.65","$29,637.66","$29,730.39","$31,698.33","$30,798.86","$30,748.72","$28,035.03","$32,225.07","$32,062.44","$29,464.91",,17824,66645,150806,11741,65106,144572,42.9,42,39.7,60.60%,62.20%,61.30%,1.70%,2.00%,2.90%,11.80%,13.10%,15.90%,21.40%,18.10%,15.40%,684,12820,51948,11.70%,18.10%,19.00%,88.30%,81.90%,81.00%,122775,121564,117911,14464,14360,14047,5321,5291,5199,25.20%,22.70%,982231,38.7924969,-121.3582068,OK,,end cap,1
GA,Roswell,2000 Holcomb Bridge Rd,"$14,108.32","$12,102.16","$16,925.01","$11,384.33","$9,580.11","$14,455.96","$16,381.26","$13,339.28","$19,502.33","$16,124.11","$15,760.42","$13,731.95","$16,573.74","$16,948.27","$14,642.50","$18,012.82","$20,019.54","$17,692.79","$16,880.40","$19,113.54","$18,037.90","$15,058.63","$16,019.11","$15,209.58","$19,599.35","$15,372.48","$13,245.41","$13,858.93","$18,512.05","$16,578.20","$16,597.36","$17,836.42","$16,062.90",,11151,79097,209278,10959,75806,191659,43.3,40.4,41.4,64.40%,56.10%,56.90%,15.10%,15.90%,16.20%,12.00%,19.00%,13.50%,5.90%,4.90%,9.10%,1598,27421,146825,1.70%,4.40%,6.30%,98.30%,95.60%,93.70%,117040,116876,117401,12147,12135,12174,4500,4496,4508,45.70%,29.10%,2929680,34.0055574,-84.2971073,OK,,in line,1
CA,Sacramento,3700 Crocker Dr,"$19,682.60","$21,788.00","$21,815.15","$22,188.97","$21,033.66","$22,788.18","$22,257.06","$20,693.50","$24,838.97","$25,037.82","$24,366.37","$21,805.28","$22,848.18","$20,698.31","$21,773.06","$20,862.74","$19,984.81","$25,348.39","$24,060.64","$24,918.01","$19,811.48","$21,968.79","$25,969.94","$22,530.23","$25,235.73","$24,636.77","$22,579.58","$24,273.70","$25,088.69","$25,222.68","$25,896.47","$27,273.08","$23,698.94",,17656,168931,401464,16928,151628,365158,43.4,45.4,37.3,55.60%,45.40%,38.00%,10.70%,8.60%,10.30%,24.70%,28.90%,30.20%,7.40%,13.70%,18.30%,6063,172305,302542,12.60%,3.30%,5.80%,87.40%,3.30%,5.80%,106990,83564,81064,13095,10953,10716,4915,4263,4189,41.00%,19.10%,7812524,38.5406077,-121.4823262,OK,,end cap,1
NH,Salem,125 S Broadway,--,--,,,,,"$12,046.62","$26,709.01","$23,853.41","$31,555.16","$32,350.79","$28,041.27","$30,491.50","$29,315.18","$23,592.59","$27,545.31","$29,255.60","$27,774.00","$25,765.40","$30,497.15","$31,606.44","$30,961.33","$32,647.77","$32,260.84","$29,989.54","$28,121.97","$27,825.22","$29,786.86","$28,859.54","$29,214.96","$28,207.48","$30,451.39","$32,209.76",,5774,33842,124217,5500,30840,118833,44.2,44.1,41.1,81.60%,81.90%,61.30%,1.00%,2.90%,3.10%,10.80%,9.70%,32.70%,4.90%,4.60%,3.20%,6251,25013,44863,2.40%,4.60%,12.60%,97.60%,86.90%,87.40%,78916,106297,96851,9952,12341,11539,3905,4637,4395,21.60%,19.40%,3272231,42.770718,-71.2205053,OK,,in line,1
TX,San Antonio,Culebra Village Retail Center,"$34,899.35","$31,164.35","$30,527.24","$26,332.49","$26,817.92","$33,512.26","$33,804.86","$37,785.20","$39,243.74","$39,764.59","$35,519.63","$36,502.73","$37,917.10","$38,201.20","$36,038.74","$38,402.94","$37,571.29","$35,843.96","$38,365.18","$40,050.13","$32,538.58","$35,244.27","$35,364.97","$33,368.02","$35,161.01","$35,822.09","$34,427.59","$32,172.66","$33,405.86","$37,613.33","$36,656.77","$38,106.18","$35,427.63",,19131,112711,351562,18921,107252,337668,31.3,34.6,34.9,40.20%,37.90%,38.60%,11.30%,9.20%,8.10%,69.30%,64.30%,65.90%,2.70%,3.80%,3.30%,1742,45488,115781,4.10%,5.70%,4.90%,95.90%,94.30%,95.10%,49979,68136,66978,8459,8297,8195,3378,3327,3294,41.20%,14.60%,7178911,29.472593,-98.652484,OK,partial match - verify address,end cap,1
CA,San Diego,7951 Othello Ave,"$26,201.68","$28,059.55","$31,857.77","$32,287.36","$33,277.91","$34,408.37","$25,143.00","$26,387.50","$19,364.98","$20,096.98","$21,737.68","$19,938.79","$25,641.79","$26,524.84","$27,428.93","$25,163.12","$17,605.55","$26,679.35","$15,254.21","$16,342.12","$27,681.82","$26,290.75","$28,390.32","$25,305.04","$28,091.30","$25,816.66","$24,295.54","$26,850.45","$25,137.82","$26,142.30","$29,514.72","$28,199.35","$27,487.75",,10374,120525,349919,32391,137321,313422,43.5,37.6,37.5,46.90%,51.40%,57.50%,13.10%,4.70%,4.50%,29.90%,25.30%,24.40%,13.40%,16.70%,12.20%,36809,156047,304134,12.20%,19.70%,6.90%,87.80%,90.30%,93.10%,76448,98725,99963,10271,12356,12467,4050,4693,4727,45.40%,18.70%,10787107,32.8164002,-117.1521629,OK,,in line,0
CA,San Diego,2707 Boston Ave,"$24,884.94","$18,136.43","$18,031.83","$32,287.36","$18,622.90","$17,421.34","$20,085.16","$20,894.53","$29,788.68","$27,586.18","$20,967.37","$24,145.83","$20,487.88","$16,251.64","$15,765.04","$15,967.99","$24,931.86","$17,206.95","$28,457.46","$27,156.20","$15,520.68","$16,206.41","$19,158.35","$17,323.89","$19,373.51","$18,647.14","$17,951.21","$19,790.54","$18,872.80","$17,041.80","$14,346.61","$14,276.60","$15,330.59",,21631,196142,482310,20152,182674,455790,31.3,35.8,36.5,25.70%,39.30%,36.80%,9.20%,8.50%,8.80%,70.30%,50.20%,47.20%,4.00%,7.50%,11.20%,12321,128899,220992,54.80%,11.70%,8.90%,45.20%,88.30%,91.10%,54672,82282,80292,8062,10832,10642,3338,4225,4166,45.40%,18.70%,2792107,32.6935142,-117.1356761,OK,,mall,0
CA,San Ramon,2475 San Ramon Valley Blvd,"$15,648.58","$16,476.26","$18,242.70","$18,554.68","$15,810.48","$18,075.06","$15,527.22","$15,298.90","$16,203.02","$17,734.38","$17,043.68","$18,247.86","$16,950.19","$17,335.01","$15,014.30","$16,434.38","$18,997.16","$17,716.95","$17,273.85","$18,814.56","$17,341.74","$16,024.61","$18,628.16","$17,292.16","$15,752.39","$15,941.16","$17,347.83","$15,522.13","$18,586.74","$18,498.84","$18,394.96","$18,988.32","$19,939.30",,13912,64679,160896,27140,59832,154032,41.4,43.1,43.2,48.30%,51.90%,45.20%,3.70%,1.80%,2.60%,11.20%,9.40%,8.80%,33.00%,32.40%,38.90%,30841,40390,57200,7.50%,9.20%,8.50%,92.50%,90.80%,91.50%,157434,176386,183397,17310,18792,19328,6141,6557,6706,32.00%,21.30%,13141344,37.7735969,-121.9772815,OK,,in line,0
CA,Santa Ana,3305 South Bristol Street,"$17,519.48","$17,136.92","$19,340.31","$16,966.20","$22,430.08","$18,776.51","$22,921.59","$18,509.48","$22,757.74","$18,482.33","$21,688.55","$18,864.19","$22,187.18","$20,954.04","$22,200.99","$21,469.13","$18,238.29","$19,344.80","$16,956.00","$20,735.04","$19,473.14","$17,756.23","$19,040.43","$18,472.00","$17,504.01","$21,866.20","$17,891.00","$19,299.30","$18,747.42","$23,538.60","$20,672.72","$21,874.38","$20,344.11",,39042,228549,639585,36687,269367,577727,36.4,35.6,36.9,24.00%,24.30%,29.50%,2.50%,1.60%,1.50%,56.70%,66.10%,51.80%,18.20%,12.90%,19.30%,19624,306099,515477,1.50%,20.10%,15.40%,98.50%,79.90%,15.40%,103639,98713,99293,12797,12355,12407,4826,4692,4708,43.60%,18.50%,11517005,33.7032278,-117.8850992,OK,,end cap,0
CA,Santee,9720 Mission Gorge Road,"$20,590.96","$22,817.60","$18,592.89","$19,410.76","$21,592.99","$23,362.45","$18,213.56","$16,634.66","$21,395.68","$20,049.80","$14,990.76","$16,719.21","$15,110.28","$17,306.77","$15,866.13","$16,869.29","$17,615.09","$15,395.72","$17,643.90","$16,796.28","$15,328.63","$16,874.39","$16,549.36","$17,163.32","$17,303.65","$16,734.44","$17,019.86","$16,005.20","$15,588.46","$17,585.82","$19,723.60","$17,533.99","$16,856.83",,12467,108525,278277,11386,103479,267603,40,39,38.8,61.10%,65.70%,62.50%,3.70%,4.30%,4.80%,27.20%,22.30%,25.30%,6.00%,5.40%,5.70%,9007,42048,88942,13.20%,34.70%,23.10%,86.80%,65.30%,76.90%,88346,98347,89734,11403,12322,11532,4402,4682,4441,45.40%,18.70%,25026878,32.8397396,-116.9854721,OK,,in line,0
AZ,Scottsdale,9280 E Via De Ventura,"$13,693.57","$18,419.14","$18,315.05","$22,292.42","$18,569.21","$19,517.45","$22,285.13","$21,861.33","$20,006.22","$21,055.17","$16,301.87","$24,200.85","$18,535.59","$21,164.55","$19,983.41","$18,233.79","$21,054.32","$18,809.30","$16,350.34","$17,209.84","$18,061.85","$15,169.16","$15,329.90","$18,180.28","$16,205.08","$19,125.89","$10,455.42","$14,623.12","$14,426.21","$16,470.43","$17,409.23","$14,848.94","$14,647.17",,2159,50920,139963,10490,57411,145240,53.1,50.2,47.6,92.20%,81.10%,78.80%,0.90%,1.90%,2.00%,3.70%,9.30%,10.10%,3.00%,4.60%,5.40%,11921,65240,165046,1.50%,3.30%,6.00%,98.50%,96.70%,94.00%,120571,101488,104031,13125,11589,11798,4841,4384,4447,34.80%,20.80%,1033959,33.55409,-111.8809798,OK,,in line,1
MI,Shelby Township,12433 23 Mile Rd,"$31,013.32","$33,459.81","$34,170.19","$33,040.77","$35,520.22","$31,168.24","$32,879.60","$35,059.99","$41,050.98","$36,122.19","$40,410.15","$37,688.51","$39,448.77","$36,642.99","$40,296.92","$42,926.78","$41,109.64","$39,103.88","$34,914.41","$38,438.90","$36,354.01","$32,335.58","$34,032.66","$41,150.91","$36,057.20","$35,985.02","$32,682.57","$34,914.19","$33,435.78","$31,276.45","$33,115.32","$29,021.63","$30,428.58",,4676,68848,206292,6937,65097,197815,42.7,45.5,43.9,87.00%,86.20%,84.70%,5.80%,2.40%,4.30%,4.60%,2.90%,3.60%,2.40%,4.80%,3.90%,7884,31251,70641,60.60%,31.80%,22.30%,39.40%,68.20%,77.70%,100168,91272,89272,10584,9896,9739,4011,3802,3754,25.00%,13.40%,692045,42.6703684,-83.0059643,OK,,in line,1
FL,St. Johns,60 Shoppes Blvd,"$18,778.77","$21,261.59","$24,781.11","$22,252.53","$23,390.12","$21,638.10","$20,260.36","$20,952.08","$22,161.77","$23,360.36","$25,210.37","$20,241.69","$21,382.41","$20,126.70","$21,142.86","$22,872.23","$24,035.01","$25,906.31","$24,267.54","$25,682.18","$22,547.07","$22,634.80","$21,542.25","$17,100.93","$19,539.65","$19,287.55","$17,744.32","$20,354.96","$20,939.46","$20,558.91","$24,700.54","$25,438.41","$21,764.87",,7002,37464,83656,6855,36831,82656,39.6,38.5,37.6,76.20%,74.40%,70.70%,5.10%,6.20%,7.80%,8.60%,7.10%,10.00%,6.10%,7.80%,7.50%,1218,5274,8332,10.10%,4.00%,10.20%,89.90%,96.00%,89.80%,129040,136774,125017,13635,14221,13327,4980,5150,4890,17.80%,26.70%,14478596,30.0616346,-81.5318847,OK,,in line,0
TX,The Colony,3750 Plano Pkwy,"$19,905.47","$20,003.81","$18,806.51","$15,863.81","$10,139.83","$20,258.31","$22,708.40","$23,834.53","$23,627.91","$19,582.20","$20,737.12","$19,358.90","$21,606.39","$18,910.58","$22,804.12","$19,859.44","$21,347.02","$22,119.20","$18,425.10","$23,851.51","$21,575.88","$20,143.60","$19,719.94","$17,407.24","$16,790.47","$19,357.28","$20,811.00","$19,077.04","$18,556.12","$21,927.81","$24,719.39","$21,399.44","$22,520.80",,10515,96016,253696,9399,87862,227542,32.8,39.9,39.6,42.70%,52.90%,48.70%,11.20%,10.00%,11.40%,15.90%,16.30%,16.70%,21.40%,16.50%,21.50%,9295,99844,217945,0.50%,6.60%,6.10%,99.50%,93.40%,93.90%,99801,117092,112089,10932,12270,11888,4145,4545,4432,34.50%,23.50%,542701,33.0704761,-96.8722353,OK,,end cap,1
OR,Tigard,12280 SW Scholls Ferry Rd,"$17,230.04","$18,721.87","$21,699.81","$22,450.11","$18,209.43","$23,064.02","$18,893.46","$17,708.11","$24,239.97","$26,629.33","$24,223.25","$25,964.16","$28,223.63","$23,883.99","$26,860.56","$25,179.76","$28,341.29","$29,092.57","$26,511.39","$27,660.49","$26,936.93","$26,919.40","$26,193.84","$27,498.97","$26,549.87","$26,703.36","$28,039.56","$27,647.70","$29,502.72","$26,838.02","$30,174.52","$30,467.18","$29,498.08",,20683,143986,306947,19616,136066,285003,40.6,42.3,41.2,70.40%,69.60%,67.20%,1.50%,2.00%,2.60%,13.00%,15.20%,16.00%,10.70%,8.50%,9.00%,8889,65999,182862,12.10%,12.60%,15.20%,87.90%,87.40%,84.80%,93626,97709,101391,10987,11332,11639,4206,4310,4403,39.20%,24.40%,6893857,45.4433167,-122.8033052,OK,,end cap,0
CA,Tracy,2620 S Tracy Blvd,"$18,550.76","$18,891.77","$20,947.80","$20,217.73","$18,969.09","$19,866.02","$18,643.83","$19,982.52","$21,657.43","$23,204.35","$21,399.79","$20,997.77","$23,218.50","$20,022.81","$21,374.13","$22,884.99","$20,265.66","$22,736.34","$19,559.41","$23,702.83","$19,656.83","$19,231.17","$16,792.32","$17,885.63","$19,192.34","$19,015.81","$17,308.44","$18,551.19","$17,966.30","$20,025.06","$17,019.47","$22,524.94","$19,594.96",,22629,73482,98356,22366,70162,92533,37.8,36.2,36,35.00%,30.30%,29.90%,9.00%,7.20%,6.50%,33.80%,41.10%,41.60%,20.40%,19.30%,20.70%,2190,27665,48519,35.80%,13.90%,13.50%,64.20%,86.10%,86.50%,131225,115382,114025,15176,13829,13711,5529,5134,5099,38.00%,10.60%,12602067,37.7110018,-121.432972,OK,,end cap,1
MI,Troy,708 W Big Beaver Rd,"$25,149.38","$35,827.34","$36,796.69","$35,168.50","$36,182.89","$36,335.84","$37,176.85","$37,341.13","$39,115.27","$40,934.55","$39,724.77","$42,601.79","$45,540.92","$36,605.90","$41,189.74","$37,560.79","$43,135.79","$42,615.29","$32,687.27","$40,016.89","$37,933.99","$36,396.82","$40,020.17","$37,393.79","$43,053.42","$30,822.39","$31,355.84","$36,176.65","$35,122.50","$34,757.09","$36,528.61","$35,457.65","$33,098.65",,4522,85996,254519,22007,116145,229630,43.3,40.9,42.2,62.00%,68.30%,73.10%,3.10%,4.10%,6.10%,4.30%,3.40%,2.80%,25.30%,20.30%,13.70%,25009,131983,207406,4.00%,11.30%,10.80%,96.00%,88.70%,89.20%,105708,103742,106307,11003,10855,11048,4138,4093,4151,27.30%,20.20%,1089924,42.5623342,-83.1633646,OK,,in line,1
AL,Vestavia Hills,700 Montgomery Hwy,"$17,103.96","$20,649.68","$18,976.70","$18,037.91","$17,825.43","$20,154.03","$19,526.56","$25,991.19","$23,920.90","$23,343.96","$22,290.42","$22,908.05","$20,837.88","$23,695.87","$23,328.85","$24,372.43","$24,990.57","$25,937.55","$23,821.37","$25,579.46","$29,170.80","$23,773.74","$24,588.79","$25,216.27","$27,447.42","$26,557.58","$21,302.11","$27,599.21","$26,765.21","$22,289.20","$26,584.09","$28,568.69","$29,539.79",,6844,73088,179965,6351,65331,171769,43.4,38.1,37.7,91.50%,76.30%,67.40%,1.20%,14.80%,22.30%,3.30%,4.30%,5.40%,3.40%,3.40%,3.40%,4108,64640,195193,2.00%,8.60%,6.00%,98.00%,91.40%,94.00%,105536,103579,88083,10566,10424,9272,3974,3931,3581,36.10%,11.10%,10771866,33.4469239,-86.7925398,OK,,mall,0
WI,Waukesha,21481 E Moreland Blvd,"$18,013.63","$19,975.26","$20,084.12","$19,365.25","$22,714.20","$21,340.34","$23,957.43","$23,619.87","$24,269.56","$22,244.61","$23,852.00","$19,081.37","$23,862.50","$22,589.63","$22,730.60","$24,894.10","$26,470.93","$23,422.22","$24,271.46","$28,232.48","$25,946.66","$27,451.18","$25,910.93","$24,731.68","$25,334.47","$29,602.86","$22,855.76","$27,415.65","$29,675.89","$28,878.49","$30,372.49","$27,432.22","$25,307.25",,4243,42838,121902,4762,46135,107843,45.1,43.5,41.8,89.10%,80.80%,81.50%,0.00%,2.40%,2.40%,6.20%,9.00%,8.80%,3.40%,6.20%,5.70%,5412,52427,117158,4.60%,16.80%,21.20%,95.40%,83.20%,78.80%,61102,82078,86416,7358,9106,8451,2997,3553,3660,24.00%,16.80%,8795246,43.030881,-88.1789223,OK,,end cap,1
MI,West Bloomfield,7084 Orchard Lake Rd,"$19,966.43","$31,092.92","$27,397.87","$27,921.27","$27,280.48","$27,477.37","$25,903.01","$28,005.24","$30,793.43","$28,989.53","$30,902.21","$28,711.64","$28,531.48","$25,212.86","$27,387.79","$32,344.32","$31,928.06","$31,071.03","$30,001.31","$30,339.69","$28,712.70","$29,235.78","$26,826.89","$26,208.66","$29,775.82","$25,786.07","$23,666.88","$21,709.53","$24,571.75","$22,489.77","$22,240.62","$19,733.70","$21,127.50",,8679,64613,161873,9045,59569,146095,48.3,46.9,46,59.10%,66.30%,63.20%,29.80%,16.80%,18.60%,2.10%,3.10%,3.00%,6.40%,10.20%,10.00%,10279,42030,131482,1.50%,2.50%,10.50%,98.50%,97.50%,89.50%,94958,113114,115262,10183,11293,11555,3890,4302,4349,27.30%,20.20%,291387,42.5336816,-83.3613691,OK,,in line,1
FL,West Palm Beach,7038 Okeechobee Blvd,"$37,816.05","$41,963.41","$40,349.39","$42,362.22","$43,637.97","$41,003.85","$43,477.28","$45,474.64","$48,398.68","$42,789.95","$45,209.30","$45,358.76","$48,339.17","$45,681.56","$45,922.25","$43,654.70","$43,018.20","$42,166.31","$39,819.37","$43,390.51","$41,074.20","$39,321.80","$40,731.69","$43,728.85","$40,581.14","$42,818.88","$39,885.42","$42,496.48","$38,523.12","$43,066.17","$46,485.33","$45,926.53","$46,877.40",,4619,66677,228014,4296,63884,217949,59.4,45.1,40.2,57.50%,35.20%,34.10%,22.10%,30.40%,29.10%,23.30%,29.80%,29.10%,1.60%,3.70%,3.50%,2690,23270,83867,6.70%,15.20%,10.20%,93.30%,84.80%,89.80%,45267,60624,69752,6397,7900,8742,2723,3222,3493,29.90%,15.40%,508371,26.7076651,-80.1589517,OK,,end cap,1
CO,Westminster,14315 Orchard Pkwy,"$34,627.29","$36,972.03","$36,925.23","$37,593.58","$39,933.10","$41,642.69","$39,219.08","$39,095.96","$42,223.27","$40,691.83","$42,939.53","$42,660.27","$41,913.58","$45,914.02","$43,141.90","$42,709.84","$42,767.22","$41,084.20","$39,988.86","$51,574.96","$44,352.68","$42,713.56","$44,559.97","$46,047.91","$43,410.81","$45,227.01","$38,434.74","$45,355.92","$47,048.60","$46,877.63","$47,407.95","$50,286.14","$45,159.86",,4646,68369,203439,4244,64647,195894,35.9,38.8,38.6,73.60%,72.40%,70.50%,1.10%,1.70%,1.80%,14.70%,18.80%,22.60%,8.90%,6.90%,6.00%,3346,31013,61874,1.20%,8.70%,10.00%,98.80%,91.30%,90.00%,99617,124338,112705,11529,13532,12605,4373,4969,4696,31.40%,15.20%,11911932,39.9560435,-104.9942901,OK,,in line,1
FL,Winter Garden,16045 New Independence Pkwy,"$21,381.60","$27,329.28","$23,367.22","$25,626.11","$25,167.55","$25,021.73","$25,090.94","$29,908.28","$30,108.50","$29,129.20","$27,409.14","$28,115.60","$27,887.02","$27,802.00","$29,299.36","$28,691.48","$29,218.60","$25,040.74","$27,963.44","$24,762.64","$26,229.41","$25,009.93","$25,245.17","$23,208.67","$24,279.82","$23,188.08","$22,611.26","$23,439.46","$21,424.13","$25,526.56","$25,199.85","$24,641.50","$26,461.38",,6898,29570,88525,6604,29015,86510,37.9,36,38.4,54.00%,65.00%,59.80%,2.30%,4.40%,5.80%,38.00%,19.30%,21.40%,9.10%,8.60%,7.90%,2442,4617,16784,5.30%,4.90%,9.80%,94.70%,95.10%,90.20%,132101,123655,121460,13868,13222,13052,5048,4859,4809,43.20%,17.70%,15899345,28.4748516,-81.6277828,OK,,end cap,1